{"pages":[{"title":"about","text":"Ykoo Tah一名普通的90后程序员","link":"/about/index.html"},{"title":"categories","text":"","link":"/categories/index.html"}],"posts":[{"title":"Hello World","text":"Welcome to Hexo! This is your very first post. Check documentation for more info. If you get any problems when using Hexo, you can find the answer in troubleshooting or you can ask me on GitHub. Quick StartCreate a new post1$ hexo new \"My New Post\" More info: Writing Run server1$ hexo server More info: Server Generate static files1$ hexo generate More info: Generating Deploy to remote sites1$ hexo deploy More info: Deployment","link":"/2020/01/20/hello-world/"},{"title":"test","text":"Test","link":"/2020/05/20/test/"}],"tags":[{"name":"标签1","slug":"标签1","link":"/tags/%E6%A0%87%E7%AD%BE1/"},{"name":"标签5","slug":"标签5","link":"/tags/%E6%A0%87%E7%AD%BE5/"},{"name":"标签2","slug":"标签2","link":"/tags/%E6%A0%87%E7%AD%BE2/"}],"categories":[{"name":"分类1","slug":"分类1","link":"/categories/%E5%88%86%E7%B1%BB1/"},{"name":"分类2","slug":"分类2","link":"/categories/%E5%88%86%E7%B1%BB2/"}]}